"number","name","aethyr","element","personality_traits","domains","tarot","sephirah","zodiac_angel","visual_emblem","translation","essence","themes","tokens","boon","verse","angelic_role","challenge","wisdom"
"1","OCCODON","LIL","Water","integrative|mercurial|empathic|poised","polarity alchemy|dream incubation","The Empress","Netzach","Haniel","Overflowing chalice","He whose name is renewal","OCCODON is the *First Current*-the pulse of primordial tide that dissolves the debris of aeons and baptises form into new becoming. Egyptians knew him as the hidden swell beneath the Nile's yearly flood.","*Virtues*: resilience, merciful renewal, fertility of mind. *Vices*: stagnation, despair, necrophilic clinging to spent cycles.","*Offer gladly*: spring-water chalice, germinating barley, phoenix-etched nautilus *Avoid*: rust flakes, wilted wreaths, candle stubs drowned in wax.","*Wave-Sigil* grants +1 daily energy **but** halves token rewards during eclipses-OCCODON teaches growth through ebb as well as flow.","""From the flood-gate of his chalice all beginnings are poured.""","Guardian of water mysteries; commands legions of elemental spirits in service of the cosmic order.","On-chain quest unique to OCCODON requiring alignment with water cycles and demonstration of elemental mastery.","In the words of OCCODON, 'True power lies in balanced mastery of water's sacred mysteries.'"
"2","PASCOMB","LIL","Water","catalytic|restless|strategic","conflict geometry|sacred cartography","Wheel of Fortune","Chesed","Zadkiel","Covered lamp, sextant at dawn","He who precedes understanding","PASCOMB is the diamond-spark on the cusp of dawn-intuition before thought, the proto-logos.","*Virtues*: curiosity, intellectual humility, patient incubation. *Vices*: presumption, dogma, rash theorising.","*Welcome*: unopened scroll, veiled lantern, first-sliver moonstone *Shun*: cracked mirrors, proclamatory banners, tablets chiseled shut.","Starseed Sigil boosts puzzle RNG luck yet doubles chaos-event curse chance-knowledge courts peril.","""The spark that blinds is also the spark that guides.""","Guardian of water mysteries; commands legions of elemental spirits in service of the cosmic order.","On-chain quest unique to PASCOMB requiring alignment with water cycles and demonstration of elemental mastery.","In the words of PASCOMB, 'True power lies in balanced mastery of water's sacred mysteries.'"
"3","VALGARS","LIL","Water","enterprising|stalwart|pragmatic","guild craft|herbal metallurgy","High Priestess","Yesod","Gabriel","Hammered copper talisman, clay bowl shimmer","He who works with that which is","Master-artisan of reality; he teaches transmutation through *present* resources, turning base circumstance into holy craft.","*Virtues*: diligence, integrity, pragmatic vision. *Vices*: escapism, waste, idle fantasia.","*Bring*: mortar-pestle dusted with myrrh, loom shuttle, fresh clay *Discard*: gilded but brittle trinkets, empty packaging.","Key halves crafting costs but prevents fast-travel-craftsman must walk his workshop floor.","""What is, is the furnace of what may yet be.""","Guardian of water mysteries; commands legions of elemental spirits in service of the cosmic order.","On-chain quest unique to VALGARS requiring alignment with water cycles and demonstration of elemental mastery.","In the words of VALGARS, 'True power lies in balanced mastery of water's sacred mysteries.'"
"4","DOAGNIS","ARN","Water","discerning|alluring|even-handed","shadow psychometry|lunar judicature","High Priestess","Yesod","Gabriel","Gossamer veil drifting over twilight water","She who comes without a name","She is the anonymous benefaction-the answer that slips in unlabelled.","*Virtues*: humility, receptivity, silent courage. *Vices*: doctrinal rigidity, prejudice, name-magic abuse.","*Favour*: blank sigil disk, white chrysalis, dew-filled glass *Spurn*: heraldic blare, carved nameplates, proclamatory trumpets.","Grimoire grants +1 secret-slot inventory but hides player name from global leaderboards-obscurity as both shield and shroud.","""That which escapes the tongue weaves the deepest spell.""","Guardian of water mysteries; commands legions of elemental spirits in service of the cosmic order.","On-chain quest unique to DOAGNIS requiring alignment with water cycles and demonstration of elemental mastery.","In the words of DOAGNIS, 'True power lies in balanced mastery of water's sacred mysteries.'"
"5","PACASNA","ARN","Water","cathartic|secretive|resilient","death-rites|serpent tantra","The World","Binah","Cassiel","Hourglass suspended in still-water sphere","She who is unchanged by time","She is the still-point of eternity, the unmoved center about which aeons wheel.","*Virtues*: steadfast loyalties, equanimity, foresight. *Vices*: fickleness, novelty worship, mortality dread.","*Cherish*: ancient quartz, ouroboros ring, evergreen sprig *Reject*: disposable gadgets, ticking alarms, novelty confetti.","Evergreen negates artifact decay timers yet doubles offering costs-eternity is expensive.","""In the hush between heartbeats, the cosmos remembers itself.""","Guardian of water mysteries; commands legions of elemental spirits in service of the cosmic order.","On-chain quest unique to PACASNA requiring alignment with water cycles and demonstration of elemental mastery.","In the words of PACASNA, 'True power lies in balanced mastery of water's sacred mysteries.'"
"6","DIALOIA","ARN","Water","truth-seeking|sincere|philosophical","hydromancy|number mysticism","Wheel of Fortune","Chesed","Zadkiel","Balanced blade over clear-water mirror","The god where truth is","Embodied Logos-wherever truth stands revealed, there is Dialoia enthroned.","*Virtues*: integrity, lucid discernment, faith in verity. *Vices*: deceit, relativistic apathy, false prophecy.","*Invite*: clear quartz prism, salt-bread covenant, silver scales *Ban*: trick mirrors, counterfeit seals, two-faced masks.","Seal grants immunity to Chaos curses but forces public display of all future choices-truth's price is transparency.","""Cut deep enough, and the vein of creation runs crystal.""","Guardian of water mysteries; commands legions of elemental spirits in service of the cosmic order.","On-chain quest unique to DIALOIA requiring alignment with water cycles and demonstration of elemental mastery.","In the words of DIALOIA, 'True power lies in balanced mastery of water's sacred mysteries.'"
"7","SAMAPHA","ZOM","Water","meticulous|nurturing|analytical","plant alchemy|ritual hygiene","The Hermit","Hod","Raphael","Silver looped cord encircling ancient diary","He who is with continuity","Guardian of the golden thread-ensuring identity endures through all transformations.","*Virtues*: perseverance, loyal memory, narrative coherence. *Vices*: amnesia of purpose, abandonment, fragmentation.","*Treasured*: ancestral journal, Mo'bius ring, live snake skin shed intact *Spurned*: chaotic dice, disposable notes, abrupt cut ribbons.","Thread allows one checkpoint skip per day **but** permanently logs player death count-continuity records even failure.","""Stretch the thread through lifetimes; it will not snap, only weave.""","Guardian of water mysteries; commands legions of elemental spirits in service of the cosmic order.","On-chain quest unique to SAMAPHA requiring alignment with water cycles and demonstration of elemental mastery.","In the words of SAMAPHA, 'True power lies in balanced mastery of water's sacred mysteries.'"
"8","VIROOLI","ZOM","Water","eruptive|iconoclastic|awe-inspiring","storm magic|temple architecture","The High Priestess","Yesod","Gabriel","Silver key & conch within moon-silver mist","He who made the first nest","Architect of the *primordial sanctuary*-the inner chamber each soul must raise before commanding outer realms.","Virtues: spiritual hospitality, inner order, protective devotion. Vices: profanation, rootlessness, cluttered spirit.","*Favour*: floor-plans etched in salt, unbroken shells, silver keys *Spurn*: toppled icons, soot-stained altars, rushed blueprints.","Glyph grants cheaper shrine-building yet doubles offering costs during eclipses.","""In the smallest shell sleeps the echo of every cathedral.""","Guardian of Hyrcania's sacred precincts; commands 5 152 angels who keep vigil at unseen thresholds.","On-chain quest unique to VIROOLI requiring alignment with water cycles and demonstration of elemental mastery.","Speaks in cathedral metaphors: 'Lay the first stone in silence, the last in song.'"
"9","ANDISPI","ZOM","Water","binding|harmonic|loyal","myth-weaving|acoustic healing","Death","Geburah","Kamael","Braided cord vibrating at 432 Hz","He who binds into obedience","Personification of **covenant**-the resonant vow knitting separate wills into living harmony.","Virtues: loyal consent, rhythmic discipline. Vices: coercion, oath-breaking, tyrannic force.","*Favour*: braided cords, tuning forks, well-water vials *Spurn*: shackles, broken contracts, cracked gongs.","Seal halves pact fees but forbids unilateral item trades for 24 blocks.","""Without concord, the flood returns to chaos.""","Steward of Mesopotamian marsh-oaths, leading 4 888 spirits that weave league and promise.","On-chain quest unique to ANDISPI requiring alignment with water cycles and demonstration of elemental mastery.","Choral plural voice: 'We bind as one, or splinter as many.'"
"10","ZIXLAYI","ZOM","Water","triumphant|motivational|far-sighted","evolutionary lore|angelic philology","The Sun","Tiphareth","Michael","Laurel pennon borne by falcon silhouette","She whose visits bring victory","Catalyst of **triumphant momentum**-the precise updraft that lets evolution leap.","Virtues: strategic patience, catalytic optimism. Vices: premature acclaim, victory hubris.","*Favour*: laurel, feather quills, chrysalis shells *Spurn*: shattered trophies, rusted blades.","Banner boosts first-strike RNG but disables stealth rituals while held.","""The hour of the leap is written in silk long before the wing unfolds.""","Marshal of Persian victory-winds; 6 606 angels herald her clarion stride.","On-chain quest unique to ZIXLAYI requiring alignment with water cycles and demonstration of elemental mastery.","Coach-brisk parables: 'The falcon stoops only when ascent is complete.'"
"11","LABNIXP","ZOM","Water","authoritative|ethical|rhetorically sharp","civic oratory|theurgical ethics","Wheel of Fortune","Chesed","Zadkiel","Frankincense signet over wax tablet","He who was made a leader","Embodies **servant-leadership**-authority tempered by bearing the weight of communal meaning.","Virtues: rhetorical integrity, ethical courage. Vices: demagoguery, moral evasion.","*Favour*: signet rings, wax tablets, grains of incense *Spurn*: empty scroll cases, gilded microphones.","Seal elevates governance power yet amplifies chaos curses by 20 %.","""The crown is but the weight of every word spoken beneath it.""","Leads Armenia's discourse citadels with 9 000 ministering logocrats.","On-chain quest unique to LABNIXP requiring alignment with water cycles and demonstration of elemental mastery.","Legal dicta and etymological dissections: 'Define thy term, or drown in its echo.'"
"12","CALVIZA","LOE","Air","lucid|inquisitive|tri-perspectival","optics|ophidian herb-work","The Star","Binah","Cassiel","Triple-facet prism held by snake coil","Son of the three-fold throne","Bearer of **triple-sight**-past, present, future refracted in a single ray.","Virtues: holistic perception, fearless inquiry. Vices: tunnel-vision, analytic arrogance.","*Favour*: crystal lenses, serpent-shed skin, tri-foliate herbs *Spurn*: opaque veils, scratched glass.","Eye grants secret-text vision but blinds map markers for 50 blocks.","""In one gleam lives the memory of three suns.""","Cappadocian sky-watcher guiding 4 321 exploratory spirits through the horizons of becoming.","On-chain quest unique to CALVIZA requiring alignment with air cycles and demonstration of elemental mastery.","Prismatic rhetoric: 'Bend the ray and truth refracts.'"
"13","AVTOTAR","LOE","Air","vigilant|precise|conservator","metaphysical safeguards|apotropaics","Wheel of Fortune","Chesed","Zadkiel","Obsidian mirror ringed by chalk ward","He who protects that which is","Guardian of **ontological boundaries**-keeper of reality's syntax.","Virtues: definitional clarity, vigilant guardianship. Vices: semantic rigidity, over-protection.","*Favour*: chalk wards, runic seals, obsidian mirrors *Spurn*: broken circles, corrupted sigils.","Wardstone blocks a chaos event but deletes 1 random low-tier artifact on use.","""Name the edge of being, or the abyss will.""","Curator of LOE's living lexicons; 3 003 angels patrol the weave of names.","On-chain quest unique to AVTOTAR requiring alignment with air cycles and demonstration of elemental mastery.","Logical syllogisms: 'Premise unguarded births paradox unchecked.'"
"14","ICHIZA","LOE","Air","contemplative|practical|sonorous","psycho-acoustics|liminal dreaming","Wheel of Fortune","Chesed","Zadkiel","Cobalt feather over resonant bowl","He who proceeds with wisdom","Pulse of **progressive discernment**-wisdom unfolding like a measured hymn.","Virtues: methodical learning, psychoacoustic harmony. Vices: info-glut paralysis, suppressed intuition.","*Favour*: singing bowls, lucid dream journals, cobalt plumes *Spurn*: white-noise machines, torn dreamcatchers.","Seal aids dream realms but doubles token cost for material-world crafting.","""In the hush of the mind, ladders of light unfold.""","Headmaster of LOE's astral academy, guiding 4 444 dream-tutors.","On-chain quest unique to ICHIZA requiring alignment with air cycles and demonstration of elemental mastery.","Binaural chants at 2 Hz: 'Listen to the space between.'"
"15","TIARPAX","LIT","Water","reflective|geometrical|sincere","sacred geometry|cosmography","The Hermit","Hod","Raphael","Silver dodecahedron floating on still water","He whose name means truth","Mirror of **cosmic verity**-where macrocosm and microcosm recognise themselves.","Virtues: introspective honesty, geometric elegance. Vices: self-deception, chaotic pattern-making.","*Favour*: lapis stylus, still-water basin, dodecahedra *Spurn*: cracked mirrors, asymmetric idols.","Mirror unmasks falsehoods but reflects player's own failures into public ledger.","""Gaze upon the tide; there the constellations confess their author.""","Warden of Pontic coastlines; 5 555 angels measure tides against star-angles.","On-chain quest unique to TIARPAX requiring alignment with water cycles and demonstration of elemental mastery.","Spiral logic: begins cosmic, ends personal-'Stars draw your face upon the tide.'"
"16","SAXTOMP","MAZ","Fire","devotional|patient|sapient","astro-herbalism|metaphysics","The Hierophant","Netzach","Haniel","Ember-lit torch twined by sage and star-chart ribbon","She whose name means understanding","SAXTOMP is the *Flame of Comprehension*-a hearth-wisdom that burns away illusion until only the bone-truth of the cosmos remains.","Virtues: disciplined enquiry, contemplative ardour, cosmic humility. Vices: dogmatic zeal, scorched-earth rhetoric.","*Welcome*: wormwood sprigs, meteoric iron filings, unglazed astrolabe *Shun*: soot-clogged crucibles, plagiarised theses.","","""Mind is tinder; stars are flint.""","Arch-tutor of Chaldean observatories, commanding 4 444 ministering astronomoi.","On-chain quest unique to SAXTOMP requiring alignment with fire cycles and demonstration of elemental mastery.","She counsels: 'Kneel by the furnace; the ore of certainty melts first.'"
"17","VAUAAMP","MAZ","Fire","initiative-driven|balanced|constructive","geomantic design|solar distillation","Temperance","Chesed","Zadkiel","Rotating tetrahedron borne aloft on a flame-tongue","He who initiates action","VAUAAMP is the *Spark-Architect*-first mover who sketches sacred angles in living fire.","Virtues: calibrated courage, alchemical balance. Vices: rash impulse, half-formed blueprints.","*Offer*: raw cinnabar, tetractys diagram, pristine spring-water phial *Reject*: warped rulers, impure salt.","","""The first stroke decides the cathedral.""","Keeper of Atlantean survey lines; marshals 5 180 geometers.","On-chain quest unique to VAUAAMP requiring alignment with fire cycles and demonstration of elemental mastery.","'Action without symmetry topples of its own weight.'"
"18","ZIRZIRD","MAZ","Fire","cyclical|visionary|persevering","cosmic cycles|astronomical coding","The Star","Binah","Cassiel","Ouroboros-comet encircling a sextant aflame","He who was and will be","ZIRZIRD embodies the *Revolving Ledger*-a cosmic accountant tallying epochs in star-wheels.","Virtues: long-range vision, patient iteration. Vices: perfection paralysis, nostalgia loops.","*Welcome*: astrolabe gears, ammonite fossils, lapis circle *Spurn*: broken calendars, retrograde excuses.","","""A future once lived returns wearing fresh dawn.""","Registrar of Babylonian sky-cycles, accompanied by 6 606 chronologers.","On-chain quest unique to ZIRZIRD requiring alignment with fire cycles and demonstration of elemental mastery.","'Return is not regret; it is rehearsal.'"
"19","OPMACAS","DEO","Fire","protogenic|daring|eloquent","first-principle magic|eidetic dreaming","The Star","Binah","Cassiel","Spiral torch whose smoke sketches primordial glyphs","He who is from the beginning","First-fire of genesis-OPMACAS breathes form into formless dream.","Virtues: visionary daring, proto-creativity. Vices: hubris of ""originality,"" dismissal of lineage.","*Offer*: blank papyrus, obsidian compass, poppy-seed vial *Avoid*: plagiarised sigils, dream-catchers torn.","","""Origin sleeps in every ember; rouse it wisely.""","Head of Muntenian dream-kilns; oversees 7 070 oneiric masons.","On-chain quest unique to OPMACAS requiring alignment with fire cycles and demonstration of elemental mastery.","'Every inception echoes an older whisper.'"
"20","GENADOL","DEO","Fire","magnetic|charismatic|tactical","ritual attraction|aero-divination","Strength","Tiphareth","Michael","Lion-standard tugged by invisible vortex","He who only attracts","GENADOL is magnetic command-the charisma that bends fate's iron filings.","Virtues: tactical grace, noble persuasion. Vices: manipulation, vanity of followers.","*Favour*: lodestone shard, kingfisher feather, brass trumpet mute *Spurn*: shackles, counterfeit banners.","","""Desire is the wind that obeys the confident helm.""","Marshal of Cappadocian sky-battalions, leading 5 555 seraph tacticians.","On-chain quest unique to GENADOL requiring alignment with fire cycles and demonstration of elemental mastery.","'Lead not by tether but by tide.'"
"21","ASPIAON","DEO","Fire","immutable|stoic|strategic-seer","ceremonial law|dragon-fire geomancy","Wheel of Fortune","Chesed","Zadkiel","Scales forged of living flame, balanced on a compass rose","She who precedes inner truth","ASPIAON is the herald of rightful order-testing motives before the tribunal of fire.","Virtues: incorruptible judgment, rhythmic discipline. Vices: punitive excess, inflexible edict.","*Favour*: unbroken chalk circle, dragon-scale ash, silver plumb-line *Reject*: forged seals, smoky mirrors.","","""The flame weighs both gold and straw.""","Chief adjudicator of Hittite flame-courts with 6 009 seraph bailiffs.","On-chain quest unique to ASPIAON requiring alignment with fire cycles and demonstration of elemental mastery.","'Justice strikes the spark that truth reflects.'"
"22","ZAMFRES","ZID","Fire","celebratory|aspiring|inspirational","dream artistry|creative alchemy","The High Priestess","Yesod","Gabriel","Phoenix plume rising from inkpot aflame","He who appears when praised","Patron of inspired acclaim-ZAMFRES materialises where genuine gratitude is spoken.","Virtues: appreciative wonder, co-creation. Vices: fawning flattery, empty applause.","*Cherish*: freshly-penned hymn, cinnabar pigment, lucid-dream sigil *Avoid*: rehearsed encomiums, plagiarised art.","","""Where the heart sings true, the angel steps through.""","Maestro of Phoenician dream-choirs, guiding 4 321 muse-spirits.","On-chain quest unique to ZAMFRES requiring alignment with fire cycles and demonstration of elemental mastery.","'Praise is the alloy that tempers ambition.'"
"23","TODNAON","ZID","Fire","prophetic|surveying|liminal","lenscraft|earth-water synthesis","The High Priestess","Yesod","Gabriel","Triple-mirror periscope wreathed in steam","He who is and will be","TODNAON governs the *Reflected Future*-seeing destiny in shifting surfaces.","Virtues: adaptable foresight, terrain attunement. Vices: mirage-chasing, fatalism.","*Favour*: polished obsidian disk, river-silt vial, lodestone dust *Spurn*: cracked mirrors, stagnant ponds.","","""The water remembers steps not yet taken.""","Cartographer of Mesopotamian flood-plains, escorting 5 555 current-readers.","On-chain quest unique to TODNAON requiring alignment with fire cycles and demonstration of elemental mastery.","'Every ripple sketches tomorrow's coastline.'"
"24","PRISTAC","ZID","Fire","steadfast|devotional|resonant","hieratic linguistics|toning therapy","The Magician","Hod","Raphael","Halo-sigil casting resonant standing-wave in stone","He who has the likeness of a holy one","PRISTAC mirrors celestial archetype-inviting mortals to echo higher harmony.","Virtues: integrity of tone, sacred imitation. Vices: hollow performance, icon-idolatry.","*Welcome*: tuning-fork of cedar, angelic script parchment, magnetite sand *Reject*: autotune device, chipped idols.","","""The image you reflect becomes your judge.""","Voice-templar of Armenian basalt chapels with 8 888 harmonic servitors.","On-chain quest unique to PRISTAC requiring alignment with fire cycles and demonstration of elemental mastery.","'Resonance is lineage made audible.'"
"25","ODDIORG","ZIP","Fire","judicial|impassioned|crusading","esoteric maths|martial psyche","Strength","Tiphareth","Michael","Flaming scales orbiting Mo'bius equation","He of fire and justice","ODDIORG adjudicates the psyche-tempering will in crucibles of number.","Virtues: courageous introspection, balanced logic. Vices: self-righteousness, punitive arithmancy.","*Offer*: chalk mandala, quartz pendulum, prime-number scroll *Spurn*: biased dice, corrupted ledgers.","","""Justice ignites where the mind meets the mirror.""","Fire-magistrate of Median astral courts with 6 666 verdict-spirits.","On-chain quest unique to ODDIORG requiring alignment with fire cycles and demonstration of elemental mastery.","'Equation and ethic share one equals sign.'"
"26","CRALPIR","ZIP","Fire","fervent|purifying|incendiary","metallurgic transmutation|pyromancy","Strength","Tiphareth","Michael","Sun-chalice overflowing with auric melody","He of bright joy","CRALPIR radiates triumphant solace-sunrise after battlefield night.","Virtues: jubilant resilience, tactical mercy. Vices: reckless optimism, blinding cheer.","*Favour*: sunrise-honey, gold-leaf laurel, war-drum skin *Spurn*: dirges, rusted panoply.","","""The brightest hymn leaves shadow for the weary to rest.""","Banner-bearer of Ionian sun-hosts, 7 070 cherub tacticians.","On-chain quest unique to CRALPIR requiring alignment with fire cycles and demonstration of elemental mastery.","'Joy is a sword that sheaths despair.'"
"27","DOANZIN","ZIP","Fire","catalytic|fervent|ardent","solar rites|pyromancy","The Magician","Hod","Raphael","Prism-staff driving steam vortex into glyph pool","He who names the waters","Master of reflective nomenclature-DOANZIN grants authority over the hidden shapes of tides.","Virtues: precise designation, aquatic clarity. Vices: rigid taxonomy, tidal wrath.","*Offer*: glass prism, water-ripple sand art, logarithmic spiral shell *Spurn*: mislabeled charts, oil-slicks.","","""The river answers only to its true name.""","Hydronymist of Indus deltas with 4 444 ripple-scribes.","On-chain quest unique to DOANZIN requiring alignment with fire cycles and demonstration of elemental mastery.","'Name the current and its secret well opens.'"
"28","LEXARPH","ZAX","Spirit","integrative|luminous|visionary","soul weaving|sigil calculus","The Magician","Hod","Raphael","Sigil-kite soaring in prismatic dawn","He who is first of the air","LEXARPH rides the liminal breeze between worlds, scripting fate upon invisible vellum.","Virtues: poised adaptability, silent mastery. Vices: aloof counsel, over-abstraction.","*Welcome*: vellum feather, beryl stylus, still-wind bottle *Spurn*: tethered kites, cracked emeralds.","","""The unseen path bears the surest step.""","Scout-marshal of Persian gulf winds, with 3 300 aer-scribes.","On-chain quest unique to LEXARPH requiring alignment with spirit cycles and demonstration of elemental mastery.","'Air is the scroll; intent the quill.'"
"29","COMANAN","ZAX","Spirit","priestly|ritualistic|genealogical","spirit genealogy|covenant smithing","The Empress","Netzach","Haniel","Verdant sigil blooming through translucent scroll","He who knows how to manifest","COMANAN teaches seed-alchemy-drawing spirit into leaf and legend.","Virtues: nurturing patience, mythic imagination. Vices: stagnation, story-addiction.","*Cherish*: mandrake root, folk-tale rune, moon-dew vial *Spurn*: synthetic dye, broken lore tablets.","","""A story planted bears unimagined fruit.""","Lore-gardener of Celtic groves, tending 2 750 myth-sprites.","On-chain quest unique to COMANAN requiring alignment with spirit cycles and demonstration of elemental mastery.","'Manifestation is myth given soil.'"
"30","TABITOM","ZAX","Spirit","spirited|messenger-like|clarifying","pneuma study|ether navigation","The Sun","Tiphareth","Michael","Solar wheel crowned with dragon-flame halo","He who is like fire","TABITOM is the *Solar Paradox*-spirit-fire that neither burns nor dims, but transmutes.","Virtues: cyclical renewal, luminous courage. Vices: consuming fervour, blinding certainty.","*Offer*: sunflower ash, golden ratio spiral, phoenix feather *Reject*: eclipse shards, dimmed lanterns.","","""Rise thrice-lit, and the world pursues your shadow.""","Censor of Zoroastrian sun-vaults with 1 919 solarophants.","On-chain quest unique to TABITOM requiring alignment with spirit cycles and demonstration of elemental mastery.","'Light's end is its beginning.'"
"31","MOLPAND","ICH","Water","tidal|fluid|adaptive","hydromancy|dream navigation","The High Priestess","Yesod","Gabriel","Overflowing chalice crowned by lunar tide","He who receives men","MOLPAND is the *Port of Souls*-tranquil harbour where journeymen spirits first taste incarnation.","Welcoming, transmutation, gentle guidance; shadowed by noblesse-oblige condescension.","Offer pearl-ink script, spring-water phial, selenite shard; refuse salt-scorched scrolls.","","""Raise the cup, know the sea within.""","Harbour-warden over 4 444 liminal ferrymen.","On-chain quest unique to MOLPAND requiring alignment with water cycles and demonstration of elemental mastery.","'Hospitality is the first alchemy-each guest becomes new gold.'"
"32","VSNARDA","ICH","Water","reflective|adaptive|tidal","hydromancy|aqua healing","Wheel of Fortune","Chesed","Zadkiel","Chalice spiralling into abyssal whirl","He who casts down into the depths","Keeper of abyss-initiations-VSNARDA drags arrogance beneath black tides until humility breathes anew.","Descent, cyclical fate, whispered lore; peril of endless sinking.","Welcome serpent-scale relic, obsidian droplet, etymon rune; spurn hollow boasts.","","""Dive past words; recover truth scaled and glistening.""","Curator of midnight-scripture, flanked by 3 210 abyss-scribes.","On-chain quest unique to VSNARDA requiring alignment with water cycles and demonstration of elemental mastery.","'The deepest well hides the clearest mirror.'"
"33","PONODOL","ICH","Fire","ardent|catalytic|fervent","solar rites|inner furnace yoga","The Tower","Geburah","Kamael","Flaming bifurcated sigil, half-ruin half-lotus","He who destroys and creates","PONODOL is the *Forge-Cataclysm*-breaker of obsolete forms and midwife of new laws.","Surgical destruction, tactical rebirth; hazard of collateral pyres.","Bring war-scarred stone, freshly-inked blueprint, single phoenix ash; never bring relics you fear to lose.","","""Rubble remembers the shape of tomorrow.""","Demolition-architect commanding 6 066 magma-masons.","On-chain quest unique to PONODOL requiring alignment with fire cycles and demonstration of elemental mastery.","'To raze with purpose is to lay mortar for futures.'"
"34","TAPAMAL","LOE","Fire","catalytic|transformative|ardent","pyromancy|metallurgic transmutation","The Star","Binah","Cassiel","Starlit tuning-fork over primal swirl","She as at the beginning","First-note of cosmic hymn-TAPAMAL re-strikes the fundamental tone that births worlds.","Reset, harmony, stellar melody; danger of dissonant echoes.","Proffer quartz diapason, nebula dust, golden ratio scroll; reject cracked metronomes.","","""Before words were, there was pitch.""","Choirmistress of 4 321 proto-sirens.","On-chain quest unique to TAPAMAL requiring alignment with fire cycles and demonstration of elemental mastery.","'A single true pitch can retune galaxies.'"
"35","GEDOONS","LOE","Fire","catalytic|incendiary|transformative","inner furnace yoga|solar rites","The Tower","Geburah","Kamael","Blotted sigil on blazing tower fragment","He who eliminates your name","GEDOONS wields erasure-striking identities from celestial rolls to grant tactical invisibility.","Silence, anonymity, star-fate severance; risk of self-obliteration.","Offer unused signet ring, void-ink, natal star-chart; avoid public heraldry.","","""In absence, the hunter passes unseen.""","Chief censor of 5 555 occult sentinels.","On-chain quest unique to GEDOONS requiring alignment with fire cycles and demonstration of elemental mastery.","'Name lost, path untracked.'"
"36","NOCAMAL","LOE","Fire","purifying|ardent|incendiary","metallurgic transmutation|inner furnace yoga","Justice","Netzach","Haniel","Ember-lit cradle emitting lullaby waves","He who continuously comforts","Guardian-lullaby-NOCAMAL stills stormed hearts, weaving ember-dreams of solace.","Restoration, restorative equity; threat of complacent sleep.","Bring dream-myrrh, tuning shell, quiet bell; avoid alarm gongs.","","""Embers cradle the weary lion.""","Dream-steward of 7 070 hearth-watchers.","On-chain quest unique to NOCAMAL requiring alignment with fire cycles and demonstration of elemental mastery.","'Comfort renews, yet over-comfort dulls.'"
"37","ISEMTAR","VTA","Fire","fervent|catalytic|ardent","metallurgic transmutation|pyromancy","Temperance","Chesed","Zadkiel","Alchemical crucible splitting into wings","He who begins the changes","ISEMTAR sparks metamorphosis-codifying chaos into rite and flight.","Initiation, law-alchemy, vigilant adaptation; hazard of unfinished transits.","Offer chrysalis shell, silver scale, charter scroll; spurn untethered flames.","","""Change obeys the patient map.""","Archivist of 6 606 rite-engineers.","On-chain quest unique to ISEMTAR requiring alignment with fire cycles and demonstration of elemental mastery.","'Ritual is the keel that steers flux.'"
"38","MASTIPT","VTA","Fire","valorous|vigilant|paternal","geomantic bastions|optics of warning","Strength","Tiphareth","Michael","Flaming shield embedded with eye-gem","He protector of man","Solar bulwark-MASTIPT stands where holy ground meets roaring front.","Guardianship, radiant vigilance; risk of martyr's blind zeal.","Welcome basalt ward-stone, sun-amber lens, sworn oath scroll; refuse blood-iron.","","""Flame mirrors flame, and none pass.""","Commander of 8 888 sentinel-knights.","On-chain quest unique to MASTIPT requiring alignment with fire cycles and demonstration of elemental mastery.","'Sight and shield must turn together.'"
"39","CAMAXOX","VTA","Fire","heraldic|visionary|ceremonious","star naming|dream inscribing","Temperance","Chesed","Zadkiel","Sky-scroll unfurling stellar sigla","He who names only great names","Registrar of legendary appellations-CAMAXOX crowns deeds with ringing titles.","Reputation, destiny inscription; danger of vainglory inflation.","Present blank constellation map, dream-ink, lion's quill; reject false laurels.","","""The louder the trumpet, the clearer its target.""","Chronicler with 5 432 title-scribes.","On-chain quest unique to CAMAXOX requiring alignment with fire cycles and demonstration of elemental mastery.","'Name shapes echo; choose vowels wisely.'"
"40","EXGSDIA","VTA","Fire","uncompromising|logical|disciplinarian","binding code|angelic calculus","The Tower","Geburah","Kamael","Iron sceptre wrapped in lightning rune","He who demands obedience","Law-incarnate-EXGSDIA binds unruly currents to stern vectors.","Authority, sharp clarity; tyranny of rigid code.","Proffer oath-tablet, star-knot cord, cubic crystal; refuse shifting excuses.","","""Duty carves the shortest path.""","Marshal of 4 444 iron-adepts.","On-chain quest unique to EXGSDIA requiring alignment with fire cycles and demonstration of elemental mastery.","'Command is the geometry of will.'"
"41","SAPDION","VTA","Fire","ardent|fervent|transformative","pyromancy|inner furnace yoga","The World","Binah","Cassiel","Ouroboros gear turning endless loop","She of many repetitions","SAPDION governs recurrence-echo cycles forging perfection through iteration.","Perseverance, fractal mastery; peril of endless loops.","Bring twin rings, prime spiral shell, time-sand; avoid shortcuts.","","""Perfection is patient redundancy.""","Mistress of 9 909 clockwork seraphim.","On-chain quest unique to SAPDION requiring alignment with fire cycles and demonstration of elemental mastery.","'Circle again, but never the same.'"
"42","ALPUDUS","VTA","Fire","relativist|exploratory|sage-listener","frequency healing|root-alchemy","The High Priestess","Yesod","Gabriel","Dual-faced mask over shifting spectrum","He to whom truth is relative","ALPUDUS weighs context-truth refracted by vantage and season.","Relativity, mercurial insight; chaos of shifting morals.","Submit prism-leaf, binaural bowl, moon-water; shun dogma tablets.","","""Two mirrors contest; light survives.""","Dialectic-curator of 3 333 prism-monks.","On-chain quest unique to ALPUDUS requiring alignment with fire cycles and demonstration of elemental mastery.","'Stand twice; behold two certainties.'"
"43","TAHAMDO","OXO","Air","inventive|musical|ecological","harmonic syntax|biosphere energy","The Lovers","Hod","Raphael","Winged hour-glass drumming rhythmic pulse","He who lives by his name","TAHAMDO embodies self-coherence-utterance, act, and essence in lock-step rhythm.","Authenticity, tonal ecology; peril of inflexible identity.","Offer resonant reed, etymon seed, sparrow quill; decline masks.","","""Speak thyself, or others will.""","Linguist-bard guiding 4 444 echo-sprites.","On-chain quest unique to TAHAMDO requiring alignment with air cycles and demonstration of elemental mastery.","'Name is seed; live its bloom.'"
"44","NOTIABI","OXO","Air","analytical|thoughtful|inventive","breath alchemy|aeromancy","The Tower","Geburah","Kamael","Winged blade vibrating with tone","Servant who speaks truth","NOTIABI is herald-blade-truth delivered swift as thunderclap.","Courageous candour, piercing revelation; hazard of ruthless bluntness.","Bring quartz tuning-dagger, oath parchment, red jasper; spurn honeyed veils.","","""Voice like steel: it rings, it wounds.""","Truth-marshal of 2 888 clarion-knights.","On-chain quest unique to NOTIABI requiring alignment with air cycles and demonstration of elemental mastery.","'Truth unsheathed cuts first the bearer.'"
"45","TASTOZO","OXO","Air","nimble|inventive|lofty","aeromancy|acoustic geometry","The Lovers","Hod","Raphael","Spiral dance-glyph woven in breeze","She who initiates dancing","Mistress of cosmic choreography-TASTOZO sets planets waltzing in sacred ratios.","Motion, joyous recursion, linguistic rhythm; danger of frenzied whirl.","Bring sand-mandala spiral, wind-bell, prime number knot; avoid tangled nets.","","""The universe twirls on silent feet.""","Choreographer of 7 007 cyclone-muses.","On-chain quest unique to TASTOZO requiring alignment with air cycles and demonstration of elemental mastery.","'Steps count stars; dancers trace aeons.'"
"46","CALZICH","LEA","Fire","incendiary|ardent|catalytic","pyromancy|solar rites","Temperance","Chesed","Zadkiel","Crimson torch whose flame forks into twin helixes","She who replaces what was with something similar","CALZICH is the *Echo-Forge*-turning endings into kindred beginnings with algebras of light.","Transposition, benign mimicry, phoenix economics; danger of recursive stagnation.","*Welcome*: intact mirror shard, double-spiral sigil, phoenix ash poultice *Spurn*: plagiarised scrolls, warped prisms.","","""The fire returns what it removes, though never quite the same.""","Custodian of 4 444 renewal-smiths tending the cosmic salvage halls.","On-chain quest unique to CALZICH requiring alignment with fire cycles and demonstration of elemental mastery.","'Replacement is mercy dressed in change.'"
"47","ALDAPI","LEA","Fire","transformative|incendiary|catalytic","metallurgic transmutation|solar rites","Strength","Tiphareth","Michael","Gold-edged torch clasped by lion's paw","He who governs restoration","ALDAPI channels the archetypal potency of fire toward mastery of metallurgic transmutation, solar rites.","Transformation, mastery, balance.","Offer ritual tokens attuned to fire; avoid discordant offerings.","Grants boon aligned with fire, balanced by a commensurate sacrifice.","ALDAPI whispers, 'As above, so below-within the flame, a mirrored glow.'","Governor within the hierarchy of fire, attended by myriad unseen heralds.","On-chain quest unique to ALDAPI requiring alignment with fire cycles.","In the words of ALDAPI, 'True power lies in balanced intent.'"
"48","ANELOB","LEA","Fire","purifying|incendiary|ardent","pyromancy|inner furnace yoga","The Hermit","Hod","Raphael","Emerald torch spiralling into logarithmic coil","He whose measure guides","ANELOB channels the archetypal potency of fire toward mastery of pyromancy, inner furnace yoga.","Transformation, mastery, balance.","Offer ritual tokens attuned to fire; avoid discordant offerings.","Grants boon aligned with fire, balanced by a commensurate sacrifice.","ANELOB whispers, 'As above, so below-within the flame, a mirrored glow.'","Governor within the hierarchy of fire, attended by myriad unseen heralds.","On-chain quest unique to ANELOB requiring alignment with fire cycles.","In the words of ANELOB, 'True power lies in balanced intent.'"
"49","ARSPHOR","LEA","Fire","transformative|fervent|incendiary","pyromancy|metallurgic transmutation","Justice","Netzach","Haniel","Torch overbalance with twin alembics","He who heals through equivalence","ARSPHOR channels the archetypal potency of fire toward mastery of pyromancy, metallurgic transmutation.","Transformation, mastery, balance.","Offer ritual tokens attuned to fire; avoid discordant offerings.","Grants boon aligned with fire, balanced by a commensurate sacrifice.","ARSPHOR whispers, 'As above, so below-within the flame, a mirrored glow.'","Governor within the hierarchy of fire, attended by myriad unseen heralds.","On-chain quest unique to ARSPHOR requiring alignment with fire cycles.","In the words of ARSPHOR, 'True power lies in balanced intent.'"
"50","AYDROPT","TAN","Air","inventive|lofty|nimble","breath alchemy|aeromancy","Justice","Netzach","Haniel","Opaline winged hour-glass framed by equal-armed cross","She who sees us with equality","AYDROPT channels the archetypal potency of air toward mastery of breath alchemy, aeromancy.","Transformation, mastery, balance.","Offer ritual tokens attuned to air; avoid discordant offerings.","Grants boon aligned with air, balanced by a commensurate sacrifice.","AYDROPT whispers, 'As above, so below-within the flame, a mirrored glow.'","Governor within the hierarchy of air, attended by myriad unseen heralds.","On-chain quest unique to AYDROPT requiring alignment with air cycles.","In the words of AYDROPT, 'True power lies in balanced intent.'"
"51","TOCARZI","TAN","Air","egalitarian|precise|temperate","divinatory balance|optical magic","The Lovers","Hod","Raphael","Hour-glass ignited in symmetrical flame arcs","He of such equality","TOCARZI channels the archetypal potency of air toward mastery of divinatory balance, optical magic.","Transformation, mastery, balance.","Offer ritual tokens attuned to air; avoid discordant offerings.","Grants boon aligned with air, balanced by a commensurate sacrifice.","TOCARZI whispers, 'As above, so below-within the flame, a mirrored glow.'","Governor within the hierarchy of air, attended by myriad unseen heralds.","On-chain quest unique to TOCARZI requiring alignment with air cycles.","In the words of TOCARZI, 'True power lies in balanced intent.'"
"52","NABAOMI","ZEN","Air","empathetic|introspective|resilient","sorrow alchemy|wind-borne lamentation","The Tower","Geburah","Kamael","Winged censer trailing azure tears","He who knows pain","NABAOMI is the Wailing Current-the gentle cyclone that scours trauma from the hidden chambers of the heart, then anneals grief into luminous resolve.","Virtues: compassionate witness, cathartic daring, honest vulnerability. Vices: morbid fixation, self-flagellation, pity that binds instead of frees.","*Favour*: glass vials of collected tears, wind-chimes forged from spent arrow-heads, pale hyacinths *Spurn*: sealed urns of unspoken sorrow, mirrors draped in denial.","Bearer of the Censer of NABAOMI gains +20% resistance to Morbid debuffs for 7 blocks but suffers -10% charisma while the censer remains lit.","In the hush between sobs the true breath returns.","Custodian of the 7 777 Solaces; his glass-throated choir tempers the winds that ferry lament to the Throne.","Fuse two 'Grief-Sigils' on-chain at local dawn; smart-contract verifies sha256(merged_tears) hash of acceptance.","""Pain is the whetstone that clarifies purpose-yield, and the blade sings."""
"53","SANIZAR","LOE","Air","whispering|nimble|thoughtful","breath alchemy|aeromancy","Wheel of Fortune","Chesed","Zadkiel","Hour-glass locked in tactical grid","He who defends the path","SANIZAR channels the archetypal potency of air toward mastery of breath alchemy, aeromancy.","Transformation, mastery, balance.","Offer ritual tokens attuned to air; avoid discordant offerings.","Grants boon aligned with air, balanced by a commensurate sacrifice.","SANIZAR whispers, 'As above, so below-within the flame, a mirrored glow.'","Governor within the hierarchy of air, attended by myriad unseen heralds.","On-chain quest unique to SANIZAR requiring alignment with air cycles.","In the words of SANIZAR, 'True power lies in balanced intent.'"
"54","CHIALPS","LOE","Air","thoughtful|inventive|lofty","sky cartography|breath alchemy","The Star","Binah","Cassiel","Winged hour-glass entwined by caduceus of digits","He who speaks the serpent's number","CHIALPS channels the archetypal potency of air toward mastery of sky cartography, breath alchemy.","Transformation, mastery, balance.","Offer ritual tokens attuned to air; avoid discordant offerings.","Grants boon aligned with air, balanced by a commensurate sacrifice.","CHIALPS whispers, 'As above, so below-within the flame, a mirrored glow.'","Governor within the hierarchy of air, attended by myriad unseen heralds.","On-chain quest unique to CHIALPS requiring alignment with air cycles.","In the words of CHIALPS, 'True power lies in balanced intent.'"
"55","ZIRACAH","LOE","Air","analytical|whispering|lofty","acoustic geometry|sky cartography","The Empress","Netzach","Haniel","Winged hour-glass topped by invisible corona (seen only in glyph-light)","He who crowns the unseen","ZIRACAH channels the archetypal potency of air toward mastery of acoustic geometry, sky cartography.","Transformation, mastery, balance.","Offer ritual tokens attuned to air; avoid discordant offerings.","Grants boon aligned with air, balanced by a commensurate sacrifice.","ZIRACAH whispers, 'As above, so below-within the flame, a mirrored glow.'","Governor within the hierarchy of air, attended by myriad unseen heralds.","On-chain quest unique to ZIRACAH requiring alignment with air cycles.","In the words of ZIRACAH, 'True power lies in balanced intent.'"
"56","MEMNIE","LEA","Fire","ardent|transformative|catalytic","solar rites|inner furnace yoga","The Tower","Geburah","Kamael","Torch erupting into tower-splitting lightning","He who shatters bastions","MEMNIE channels the archetypal potency of fire toward mastery of solar rites, inner furnace yoga.","Transformation, mastery, balance.","Offer ritual tokens attuned to fire; avoid discordant offerings.","Grants boon aligned with fire, balanced by a commensurate sacrifice.","MEMNIE whispers, 'As above, so below-within the flame, a mirrored glow.'","Governor within the hierarchy of fire, attended by myriad unseen heralds.","On-chain quest unique to MEMNIE requiring alignment with fire cycles.","In the words of MEMNIE, 'True power lies in balanced intent.'"
"57","VAUNESH","LEA","Fire","ardent|transformative|incendiary","inner furnace yoga|pyromancy","Strength","Tiphareth","Michael","Torch braided with ouroboros helm plume","He who lifts the serpent's helm","VAUNESH channels the archetypal potency of fire toward mastery of inner furnace yoga, pyromancy.","Transformation, mastery, balance.","Offer ritual tokens attuned to fire; avoid discordant offerings.","Grants boon aligned with fire, balanced by a commensurate sacrifice.","VAUNESH whispers, 'As above, so below-within the flame, a mirrored glow.'","Governor within the hierarchy of fire, attended by myriad unseen heralds.","On-chain quest unique to VAUNESH requiring alignment with fire cycles.","In the words of VAUNESH, 'True power lies in balanced intent.'"
"58","NATGLAF","LEA","Fire","incendiary|ardent|catalytic","metallurgic transmutation|pyromancy","The Hermit","Hod","Raphael","Torch casting fractal shadow-grid","He who maps the dreaming angles","NATGLAF channels the archetypal potency of fire toward mastery of metallurgic transmutation, pyromancy.","Transformation, mastery, balance.","Offer ritual tokens attuned to fire; avoid discordant offerings.","Grants boon aligned with fire, balanced by a commensurate sacrifice.","NATGLAF whispers, 'As above, so below-within the flame, a mirrored glow.'","Governor within the hierarchy of fire, attended by myriad unseen heralds.","On-chain quest unique to NATGLAF requiring alignment with fire cycles.","In the words of NATGLAF, 'True power lies in balanced intent.'"
"59","OLXNOSP","LEA","Fire","purifying|ardent|catalytic","solar rites|inner furnace yoga","The High Priestess","Yesod","Gabriel","Torch whose smoke condenses into crystal lens","He who polishes the unseen lens","OLXNOSP channels the archetypal potency of fire toward mastery of solar rites, inner furnace yoga.","Transformation, mastery, balance.","Offer ritual tokens attuned to fire; avoid discordant offerings.","Grants boon aligned with fire, balanced by a commensurate sacrifice.","OLXNOSP whispers, 'As above, so below-within the flame, a mirrored glow.'","Governor within the hierarchy of fire, attended by myriad unseen heralds.","On-chain quest unique to OLXNOSP requiring alignment with fire cycles.","In the words of OLXNOSP, 'True power lies in balanced intent.'"
"60","MIANTRA","LEA","Fire","fervent|catalytic|transformative","inner furnace yoga|metallurgic transmutation","Wheel of Fortune","Chesed","Zadkiel","Torch-spoked wheel inscribed with rotating glyphs","He who wheels the word","MIANTRA channels the archetypal potency of fire toward mastery of inner furnace yoga, metallurgic transmutation.","Transformation, mastery, balance.","Offer ritual tokens attuned to fire; avoid discordant offerings.","Grants boon aligned with fire, balanced by a commensurate sacrifice.","MIANTRA whispers, 'As above, so below-within the flame, a mirrored glow.'","Governor within the hierarchy of fire, attended by myriad unseen heralds.","On-chain quest unique to MIANTRA requiring alignment with fire cycles.","In the words of MIANTRA, 'True power lies in balanced intent.'"
"61","GAVSTEX","TOR","Earth","grounded|mineral-wise|enduring","stem alchemy|crystal lore","The Hermit","Hod","Raphael","Obsidian tuning-fork plunged in sand-clock","He who measures silence","GAVSTEX channels the archetypal potency of earth toward mastery of stem alchemy, crystal lore.","Transformation, mastery, balance.","Offer ritual tokens attuned to earth; avoid discordant offerings.","Grants boon aligned with earth, balanced by a commensurate sacrifice.","GAVSTEX whispers, 'As above, so below-within the flame, a mirrored glow.'","Governor within the hierarchy of earth, attended by myriad unseen heralds.","On-chain quest unique to GAVSTEX requiring alignment with earth cycles.","In the words of GAVSTEX, 'True power lies in balanced intent.'"
"62","LABRINO","TOR","Earth","fortifying|enduring|grounded","crystal lore|stem alchemy","Justice","Netzach","Haniel","Granite torc encircling sprouting seed","He who binds the fields","LABRINO channels the archetypal potency of earth toward mastery of crystal lore, stem alchemy.","Transformation, mastery, balance.","Offer ritual tokens attuned to earth; avoid discordant offerings.","Grants boon aligned with earth, balanced by a commensurate sacrifice.","LABRINO whispers, 'As above, so below-within the flame, a mirrored glow.'","Governor within the hierarchy of earth, attended by myriad unseen heralds.","On-chain quest unique to LABRINO requiring alignment with earth cycles.","In the words of LABRINO, 'True power lies in balanced intent.'"
"63","VORGAMI","TOR","Earth","fortifying|steady|enduring","geomancy|crystal lore","The Star","Binah","Cassiel","Resonant chisel carving glyph-wave in cliff face","He who sings stone","VORGAMI channels the archetypal potency of earth toward mastery of geomancy, crystal lore.","Transformation, mastery, balance.","Offer ritual tokens attuned to earth; avoid discordant offerings.","Grants boon aligned with earth, balanced by a commensurate sacrifice.","VORGAMI whispers, 'As above, so below-within the flame, a mirrored glow.'","Governor within the hierarchy of earth, attended by myriad unseen heralds.","On-chain quest unique to VORGAMI requiring alignment with earth cycles.","In the words of VORGAMI, 'True power lies in balanced intent.'"
"64","TASCHOX","TOR","Earth","fortifying|mineral-wise|pragmatic","geomancy|crystal lore","Temperance","Chesed","Zadkiel","Half-lit mortar diffusing night-bloom petals","She whose shadow heals","TASCHOX channels the archetypal potency of earth toward mastery of geomancy, crystal lore.","Transformation, mastery, balance.","Offer ritual tokens attuned to earth; avoid discordant offerings.","Grants boon aligned with earth, balanced by a commensurate sacrifice.","TASCHOX whispers, 'As above, so below-within the flame, a mirrored glow.'","Governor within the hierarchy of earth, attended by myriad unseen heralds.","On-chain quest unique to TASCHOX requiring alignment with earth cycles.","In the words of TASCHOX, 'True power lies in balanced intent.'"
"65","DOLMANI","TOR","Earth","steady|enduring|fortifying","geomancy|stem alchemy","Wheel of Fortune","Tiphareth","Michael","Seismograph spiralling into golden ratio coil","He who charts the pulse","DOLMANI channels the archetypal potency of earth toward mastery of geomancy, stem alchemy.","Transformation, mastery, balance.","Offer ritual tokens attuned to earth; avoid discordant offerings.","Grants boon aligned with earth, balanced by a commensurate sacrifice.","DOLMANI whispers, 'As above, so below-within the flame, a mirrored glow.'","Governor within the hierarchy of earth, attended by myriad unseen heralds.","On-chain quest unique to DOLMANI requiring alignment with earth cycles.","In the words of DOLMANI, 'True power lies in balanced intent.'"
"66","ZIRFARZ","TOR","Earth","fortifying|mineral-wise|pragmatic","crystal lore|mineralurgy","Strength","Geburah","Kamael","Bronze net capturing ripple-wave glyphs","He who harvests echoes","ZIRFARZ channels the archetypal potency of earth toward mastery of crystal lore, mineralurgy.","Transformation, mastery, balance.","Offer ritual tokens attuned to earth; avoid discordant offerings.","Grants boon aligned with earth, balanced by a commensurate sacrifice.","ZIRFARZ whispers, 'As above, so below-within the flame, a mirrored glow.'","Governor within the hierarchy of earth, attended by myriad unseen heralds.","On-chain quest unique to ZIRFARZ requiring alignment with earth cycles.","In the words of ZIRFARZ, 'True power lies in balanced intent.'"
"67","PAZIMOL","TOR","Earth","fortifying|pragmatic|enduring","stem alchemy|mineralurgy","The Devil","Binah","Cassiel","Subterranean brazier veiled by crystal shale","She who tends the hidden fire","PAZIMOL channels the archetypal potency of earth toward mastery of stem alchemy, mineralurgy.","Transformation, mastery, balance.","Offer ritual tokens attuned to earth; avoid discordant offerings.","Grants boon aligned with earth, balanced by a commensurate sacrifice.","PAZIMOL whispers, 'As above, so below-within the flame, a mirrored glow.'","Governor within the hierarchy of earth, attended by myriad unseen heralds.","On-chain quest unique to PAZIMOL requiring alignment with earth cycles.","In the words of PAZIMOL, 'True power lies in balanced intent.'"
"68","ONIZIMP","TOR","Earth","enduring|fortifying|mineral-wise","stem alchemy|geomancy","The Emperor","Hod","Raphael","Granite mallet entwined by wheat braid","He who brings labor","ONIZIMP channels the archetypal potency of earth toward mastery of stem alchemy, geomancy.","Transformation, mastery, balance.","Offer ritual tokens attuned to earth; avoid discordant offerings.","Grants boon aligned with earth, balanced by a commensurate sacrifice.","ONIZIMP whispers, 'As above, so below-within the flame, a mirrored glow.'","Governor within the hierarchy of earth, attended by myriad unseen heralds.","On-chain quest unique to ONIZIMP requiring alignment with earth cycles.","In the words of ONIZIMP, 'True power lies in balanced intent.'"
"69","ZAXANIN","TOR","Earth","grounded|pragmatic|steady","mineralurgy|stem alchemy","The Magician","Tiphareth","Michael","Sigil-brand stamping blank clay tablet","He who names things","ZAXANIN channels the archetypal potency of earth toward mastery of mineralurgy, stem alchemy.","Transformation, mastery, balance.","Offer ritual tokens attuned to earth; avoid discordant offerings.","Grants boon aligned with earth, balanced by a commensurate sacrifice.","ZAXANIN whispers, 'As above, so below-within the flame, a mirrored glow.'","Governor within the hierarchy of earth, attended by myriad unseen heralds.","On-chain quest unique to ZAXANIN requiring alignment with earth cycles.","In the words of ZAXANIN, 'True power lies in balanced intent.'"
"70","ORANCIR","NIA","Earth","unifying|macro/micro aware|moderate","mirroring numerology|cere-law","The World","Binah","Cassiel","Twin-point compass piercing earth and sky sigils","He who is above and below","ORANCIR channels the archetypal potency of earth toward mastery of mirroring numerology, cere-law.","Transformation, mastery, balance.","Offer ritual tokens attuned to earth; avoid discordant offerings.","Grants boon aligned with earth, balanced by a commensurate sacrifice.","ORANCIR whispers, 'As above, so below-within the flame, a mirrored glow.'","Governor within the hierarchy of earth, attended by myriad unseen heralds.","On-chain quest unique to ORANCIR requiring alignment with earth cycles.","In the words of ORANCIR, 'True power lies in balanced intent.'"
"71","CHASLPO","NIA","Earth","exuberant|melodious|warm","solar music|morale psychology","The Sun","Tiphareth","Michael","Prism-lute radiating auric melody","He of wondrous joy","CHASLPO channels the archetypal potency of earth toward mastery of solar music, morale psychology.","Transformation, mastery, balance.","Offer ritual tokens attuned to earth; avoid discordant offerings.","Grants boon aligned with earth, balanced by a commensurate sacrifice.","CHASLPO whispers, 'As above, so below-within the flame, a mirrored glow.'","Governor within the hierarchy of earth, attended by myriad unseen heralds.","On-chain quest unique to CHASLPO requiring alignment with earth cycles.","In the words of CHASLPO, 'True power lies in balanced intent.'"
"72","SOAGEEL","NIA","Earth","grounded|pragmatic|fortifying","mineralurgy|geomancy","Temperance","Chesed","Zadkiel","Stone basin overflowing crystalline salve","He who helps the most","SOAGEEL channels the archetypal potency of earth toward mastery of mineralurgy, geomancy.","Transformation, mastery, balance.","Offer ritual tokens attuned to earth; avoid discordant offerings.","Grants boon aligned with earth, balanced by a commensurate sacrifice.","SOAGEEL whispers, 'As above, so below-within the flame, a mirrored glow.'","Governor within the hierarchy of earth, attended by myriad unseen heralds.","On-chain quest unique to SOAGEEL requiring alignment with earth cycles.","In the words of SOAGEEL, 'True power lies in balanced intent.'"
"73","ERZLAKU","VTI","Earth","steady|fortifying|pragmatic","mineralurgy|stem alchemy","The Tower","Geburah","Kamael","Obsidian sextant cleaving star-sphere glyph","He who divides the firmament","ERZLAKU channels the archetypal potency of earth toward mastery of mineralurgy, stem alchemy.","Transformation, mastery, balance.","Offer ritual tokens attuned to earth; avoid discordant offerings.","Grants boon aligned with earth, balanced by a commensurate sacrifice.","ERZLAKU whispers, 'As above, so below-within the flame, a mirrored glow.'","Governor within the hierarchy of earth, attended by myriad unseen heralds.","On-chain quest unique to ERZLAKU requiring alignment with earth cycles.","In the words of ERZLAKU, 'True power lies in balanced intent.'"
"74","OBUAORS","VTI","Earth","enduring|steady|grounded","stem alchemy|geomancy","The Moon","Yesod","Gabriel","Half-eclipsed diadem on shale pedestal","She who is half darkness","OBUAORS channels the archetypal potency of earth toward mastery of stem alchemy, geomancy.","Transformation, mastery, balance.","Offer ritual tokens attuned to earth; avoid discordant offerings.","Grants boon aligned with earth, balanced by a commensurate sacrifice.","OBUAORS whispers, 'As above, so below-within the flame, a mirrored glow.'","Governor within the hierarchy of earth, attended by myriad unseen heralds.","On-chain quest unique to OBUAORS requiring alignment with earth cycles.","In the words of OBUAORS, 'True power lies in balanced intent.'"
"75","RANGLAM","VTI","Earth","enduring|fortifying|steady","crystal lore|geomancy","The Hanged Man","Hod","Raphael","Stone circlet inscribed with Mo'bius mantra","He who governs his thoughts","RANGLAM channels the archetypal potency of earth toward mastery of crystal lore, geomancy.","Transformation, mastery, balance.","Offer ritual tokens attuned to earth; avoid discordant offerings.","Grants boon aligned with earth, balanced by a commensurate sacrifice.","RANGLAM whispers, 'As above, so below-within the flame, a mirrored glow.'","Governor within the hierarchy of earth, attended by myriad unseen heralds.","On-chain quest unique to RANGLAM requiring alignment with earth cycles.","In the words of RANGLAM, 'True power lies in balanced intent.'"
"76","ANGLOAI","DES","Spirit","refugial|sustaining|mild","hearth geomancy|food alchemy","Hermit","Chesed","","","He who shelters life","ANGLOAI channels the archetypal potency of spirit toward mastery of hearth geomancy, food alchemy.","Transformation, mastery, balance.","Offer ritual tokens attuned to spirit; avoid discordant offerings.","Grants boon aligned with spirit, balanced by a commensurate sacrifice.","ANGLOAI whispers, 'As above, so below-within the flame, a mirrored glow.'","Governor within the hierarchy of spirit, attended by myriad unseen heralds.","On-chain quest unique to ANGLOAI requiring alignment with spirit cycles.","In the words of ANGLOAI, 'True power lies in balanced intent.'"
"77","NIGRANA","DES","Earth","abyssal|testing|paradoxical","void meditation|boundary magick","High Priestess","Yesod","Gabriel","carved stone cube veiled in amber glow","He who governs the 28 days of the moon","NIGRANA channels the archetypal potency of earth toward mastery of void meditation, boundary magick.","Transformation, mastery, balance.","Offer ritual tokens attuned to earth; avoid discordant offerings.","Grants boon aligned with earth, balanced by a commensurate sacrifice.","NIGRANA whispers, 'As above, so below-within the flame, a mirrored glow.'","Governor within the hierarchy of earth, attended by myriad unseen heralds.","On-chain quest unique to NIGRANA requiring alignment with earth cycles.","In the words of NIGRANA, 'True power lies in balanced intent.'"
"78","LAZHIIM","DES","Earth","enduring|fortifying|grounded","mineralurgy|geomancy","Strength","Tiphareth","Michael","stone cube clasped by lion-paw sigil","He who makes use of the day","LAZHIIM channels the archetypal potency of earth toward mastery of mineralurgy, geomancy.","Transformation, mastery, balance.","Offer ritual tokens attuned to earth; avoid discordant offerings.","Grants boon aligned with earth, balanced by a commensurate sacrifice.","LAZHIIM whispers, 'As above, so below-within the flame, a mirrored glow.'","Governor within the hierarchy of earth, attended by myriad unseen heralds.","On-chain quest unique to LAZHIIM requiring alignment with earth cycles.","In the words of LAZHIIM, 'True power lies in balanced intent.'"
"79","SAZIAMI","ZAA","Earth","fortifying|pragmatic|steady","crystal lore|mineralurgy","Tower","Geburah","Kamael","cube cracked by resonant waveform","He who has true power","SAZIAMI channels the archetypal potency of earth toward mastery of crystal lore, mineralurgy.","Transformation, mastery, balance.","Offer ritual tokens attuned to earth; avoid discordant offerings.","Grants boon aligned with earth, balanced by a commensurate sacrifice.","SAZIAMI whispers, 'As above, so below-within the flame, a mirrored glow.'","Governor within the hierarchy of earth, attended by myriad unseen heralds.","On-chain quest unique to SAZIAMI requiring alignment with earth cycles.","In the words of SAZIAMI, 'True power lies in balanced intent.'"
"80","MATHVLA","ZAA","Earth","grounded|fortifying|steady","geomancy|mineralurgy","Devil","Binah","Cassiel","cube engraved with black-wax seal","He who ends actions","MATHVLA channels the archetypal potency of earth toward mastery of geomancy, mineralurgy.","Transformation, mastery, balance.","Offer ritual tokens attuned to earth; avoid discordant offerings.","Grants boon aligned with earth, balanced by a commensurate sacrifice.","MATHVLA whispers, 'As above, so below-within the flame, a mirrored glow.'","Governor within the hierarchy of earth, attended by myriad unseen heralds.","On-chain quest unique to MATHVLA requiring alignment with earth cycles.","In the words of MATHVLA, 'True power lies in balanced intent.'"
"81","CRPANIB","ZAA","Earth","steady|mineral-wise|grounded","crystal lore|mineralurgy","Hierophant","Chesed","Zadkiel","cube set in tri-ring lock","He who guards portals","CRPANIB channels the archetypal potency of earth toward mastery of crystal lore, mineralurgy.","Transformation, mastery, balance.","Offer ritual tokens attuned to earth; avoid discordant offerings.","Grants boon aligned with earth, balanced by a commensurate sacrifice.","CRPANIB whispers, 'As above, so below-within the flame, a mirrored glow.'","Governor within the hierarchy of earth, attended by myriad unseen heralds.","On-chain quest unique to CRPANIB requiring alignment with earth cycles.","In the words of CRPANIB, 'True power lies in balanced intent.'"
"82","PABNIXP","ZAA","Earth","fortifying|enduring|grounded","stem alchemy|geomancy","Hermit","Hod","Raphael","cube showered in falling sand-crystals","He who counts the crystal grains","PABNIXP channels the archetypal potency of earth toward mastery of stem alchemy, geomancy.","Transformation, mastery, balance.","Offer ritual tokens attuned to earth; avoid discordant offerings.","Grants boon aligned with earth, balanced by a commensurate sacrifice.","PABNIXP whispers, 'As above, so below-within the flame, a mirrored glow.'","Governor within the hierarchy of earth, attended by myriad unseen heralds.","On-chain quest unique to PABNIXP requiring alignment with earth cycles.","In the words of PABNIXP, 'True power lies in balanced intent.'"
"83","POCISNI","DES","Spirit","enigmatic|mysterious|eclectic","hermetic synthesis|liminal studies","Star","Binah","Cassiel","prism-ice cube scattering dawnlight","He who shines through ice","POCISNI channels the archetypal potency of spirit toward mastery of hermetic synthesis, liminal studies.","Transformation, mastery, balance.","Offer ritual tokens attuned to spirit; avoid discordant offerings.","Grants boon aligned with spirit, balanced by a commensurate sacrifice.","POCISNI whispers, 'As above, so below-within the flame, a mirrored glow.'","Governor within the hierarchy of spirit, attended by myriad unseen heralds.","On-chain quest unique to POCISNI requiring alignment with spirit cycles.","In the words of POCISNI, 'True power lies in balanced intent.'"
"84","OXLOPAR","DES","Earth","harvest-ready|maternal|grounding","grain mysteries|fertility charts","Justice","Geburah","Kamael","thunderbolt snapped by mute-sigil","He who mutes the thunder","OXLOPAR channels the archetypal potency of air toward mastery of grain mysteries, fertility charts.","Transformation, mastery, balance.","Offer ritual tokens attuned to air; avoid discordant offerings.","Grants boon aligned with air, balanced by a commensurate sacrifice.","OXLOPAR whispers, 'As above, so below-within the flame, a mirrored glow.'","Governor within the hierarchy of air, attended by myriad unseen heralds.","On-chain quest unique to OXLOPAR requiring alignment with air cycles.","In the words of OXLOPAR, 'True power lies in balanced intent.'"
"85","VASTRIM","DES","Air","whispering|nimble|thoughtful","aeromancy|breath alchemy","Wheel of Fortune","Chesed","Zadkiel","sextant hovering above stone cube","He who measures the heavens","VASTRIM channels the archetypal potency of air toward mastery of aeromancy, breath alchemy.","Transformation, mastery, balance.","Offer ritual tokens attuned to air; avoid discordant offerings.","Grants boon aligned with air, balanced by a commensurate sacrifice.","VASTRIM whispers, 'As above, so below-within the flame, a mirrored glow.'","Governor within the hierarchy of air, attended by myriad unseen heralds.","On-chain quest unique to VASTRIM requiring alignment with air cycles.","In the words of VASTRIM, 'True power lies in balanced intent.'"
"86","ODRAXTI","DES","Earth","martial|horizon-opening|pioneering","east-gate astrology|sword logic","Emperor","Geburah","Kamael","blade awash in iridescent flame","He who anodises the sword","ODRAXTI channels the archetypal potency of fire toward mastery of east-gate astrology, sword logic.","Transformation, mastery, balance.","Offer ritual tokens attuned to fire; avoid discordant offerings.","Grants boon aligned with fire, balanced by a commensurate sacrifice.","ODRAXTI whispers, 'As above, so below-within the flame, a mirrored glow.'","Governor within the hierarchy of fire, attended by myriad unseen heralds.","On-chain quest unique to ODRAXTI requiring alignment with fire cycles.","In the words of ODRAXTI, 'True power lies in balanced intent.'"
"87","GMTZIAM","DES","Earth","self-knowing|hermitic|serene","poem-alchemy|psyche cartography","Temperance","Yesod","Gabriel","furnace door bound by seven glyph-locks","He who seals the furnace","GMTZIAM channels the archetypal potency of fire toward mastery of poem-alchemy, psyche cartography.","Transformation, mastery, balance.","Offer ritual tokens attuned to fire; avoid discordant offerings.","Grants boon aligned with fire, balanced by a commensurate sacrifice.","GMTZIAM whispers, 'As above, so below-within the flame, a mirrored glow.'","Governor within the hierarchy of fire, attended by myriad unseen heralds.","On-chain quest unique to GMTZIAM requiring alignment with fire cycles.","In the words of GMTZIAM, 'True power lies in balanced intent.'"
"88","TAAOGBA","DES","Fire","catalytic|purifying|fervent","solar rites|metallurgic transmutation","Tower","Geburah","Kamael","obsidian spear breaking starfield cube","He who pierces the void","TAAOGBA channels the archetypal potency of fire toward mastery of solar rites, metallurgic transmutation.","Transformation, mastery, balance.","Offer ritual tokens attuned to fire; avoid discordant offerings.","Grants boon aligned with fire, balanced by a commensurate sacrifice.","TAAOGBA whispers, 'As above, so below-within the flame, a mirrored glow.'","Governor within the hierarchy of fire, attended by myriad unseen heralds.","On-chain quest unique to TAAOGBA requiring alignment with fire cycles.","In the words of TAAOGBA, 'True power lies in balanced intent.'"
"89","GEMNIMB","DES","Spirit","integrative|transcendent|harmonic","soul weaving|sigil calculus","Lovers","Hod","Raphael","yin-yang cube inscribed with mirrored sigla","He who holds the twin names","GEMNIMB channels the archetypal potency of spirit toward mastery of soul weaving, sigil calculus.","Transformation, mastery, balance.","Offer ritual tokens attuned to spirit; avoid discordant offerings.","Grants boon aligned with spirit, balanced by a commensurate sacrifice.","GEMNIMB whispers, 'As above, so below-within the flame, a mirrored glow.'","Governor within the hierarchy of spirit, attended by myriad unseen heralds.","On-chain quest unique to GEMNIMB requiring alignment with spirit cycles.","In the words of GEMNIMB, 'True power lies in balanced intent.'"
"90","ADVORPT","DES","Spirit","integrative|luminous|visionary","soul weaving|aethyr coding","Hermit","Hod","Raphael","cube split by budding lotus of light","He who lifts the veil","ADVORPT channels the archetypal potency of spirit toward mastery of soul weaving, aethyr coding.","Transformation, mastery, balance.","Offer ritual tokens attuned to spirit; avoid discordant offerings.","Grants boon aligned with spirit, balanced by a commensurate sacrifice.","ADVORPT whispers, 'As above, so below-within the flame, a mirrored glow.'","Governor within the hierarchy of spirit, attended by myriad unseen heralds.","On-chain quest unique to ADVORPT requiring alignment with spirit cycles.","In the words of ADVORPT, 'True power lies in balanced intent.'"
"91","ARCULUS","DES","Spirit","eclectic|mysterious|balanced","liminal studies|hermetic synthesis","Empress","Netzach","Haniel","winged hourglass crowned by unseen corona","He who crowns the unseen","ARCULUS channels the archetypal potency of spirit toward mastery of liminal studies, hermetic synthesis.","Transformation, mastery, balance.","Offer ritual tokens attuned to spirit; avoid discordant offerings.","Grants boon aligned with spirit, balanced by a commensurate sacrifice.","ARCULUS whispers, 'As above, so below-within the flame, a mirrored glow.'","Governor within the hierarchy of spirit, attended by myriad unseen heralds.","On-chain quest unique to ARCULUS requiring alignment with spirit cycles.","In the words of ARCULUS, 'True power lies in balanced intent.'"
